"Date","PM2.5 AQI Value","Site Name","Site ID","Source","24-year High (2000-2023)","24-year Low (2000-2023)","5-year Average (2019-2023)","Date of 24-year High","Date of 24-year Low"
"01/01/2024","58","Intermediate School 143","36-061-0115","AQS","119","48","51.6","01/01/2011","01/01/2020"
"01/02/2024","54","Intermediate School 143","36-061-0115","AQS","115","49","57.8","01/02/2000","01/02/2022"
"01/03/2024","53","Intermediate School 143","36-061-0115","AQS","91","46","59.2","01/03/2000","01/03/2022"
"01/04/2024","51","CCNY","36-061-0135","AQS","95","49","59.2","01/04/2001","01/04/2021"
"01/05/2024","51","Intermediate School 143","36-061-0115","AQS","92","43","53.8","01/05/2008","01/05/2000"
"01/06/2024","53","Intermediate School 143","36-061-0115","AQS","101","47","57.2","01/06/2008","01/06/2014"
"01/07/2024","47","Intermediate School 143","36-061-0115","AQS","108","48","53","01/07/2008","01/07/2019"
"01/08/2024","54","Intermediate School 143","36-061-0115","AQS","84","43","52.8","01/08/2008","01/08/2021"
"01/09/2024","45","Intermediate School 143","36-061-0115","AQS","86","44","52","01/09/2013","01/09/2021"
"01/10/2024","48","Intermediate School 143","36-061-0115","AQS","101","51","55.4","01/10/2014","01/10/2016"
"01/11/2024","54","Intermediate School 143","36-061-0115","AQS","106","52","56.6","01/11/2006","01/11/2000"
"01/12/2024","52","Intermediate School 143","36-061-0115","AQS","76","49","57","01/12/2007","01/12/2019"
"01/13/2024","43","Intermediate School 143","36-061-0115","AQS","87","53","62.2","01/13/2005","01/13/2019"
"01/14/2024","52","Intermediate School 143","36-061-0115","AQS","125","49","57.2","01/14/2001","01/14/2023"
"01/15/2024","53","Intermediate School 143","36-061-0115","AQS","91","52","58","01/15/2014","01/15/2023"
"01/16/2024","53","IS 45","36-061-0079","AQS","88","36","51","01/16/2011","01/16/2021"
"01/17/2024","55","Intermediate School 143","36-061-0115","AQS","104","48","52.2","01/17/2011","01/17/2022"
"01/18/2024","57","Intermediate School 143","36-061-0115","AQS","96","34","56.6","01/18/2007","01/18/2020"
"01/19/2024","58","PS 19","36-061-0128","AQS","95","42","52","01/19/2009","01/19/2023"
"01/20/2024","44","Intermediate School 143","36-061-0115","AQS","76","40","50.8","01/20/2009","01/20/2020"
"01/21/2024","47","Intermediate School 143","36-061-0115","AQS","74","43","49.6","01/21/2011","01/21/2023"
"01/22/2024","55","Intermediate School 143","36-061-0115","AQS","90","45","52.8","01/22/2009","01/22/2023"
"01/23/2024","66","Intermediate School 143","36-061-0115","AQS","127","39","55.8","01/23/2001","01/23/2021"
"01/24/2024","89","Intermediate School 143","36-061-0115","AQS","121","35","52.2","01/24/2001","01/24/2021"
"01/25/2024","71","Intermediate School 143","36-061-0115","AQS","93","39","52.8","01/25/2011","01/25/2020"
"01/26/2024","71","Intermediate School 143","36-061-0115","AQS","95","39","46.4","01/26/2011","01/26/2020"
"01/27/2024","54","Intermediate School 143","36-061-0115","AQS","84","47","52.2","01/27/2013","01/27/2020"
"01/28/2024","53","Intermediate School 143","36-061-0115","AQS","87","41","52.2","01/28/2013","01/28/2020"
"01/29/2024","45","Intermediate School 143","36-061-0115","AQS","96","37","48.8","01/29/2008","01/29/2020"
"01/30/2024","56","Intermediate School 143","36-061-0115","AQS","99","47","54.6","01/30/2003","01/30/2017"
"01/31/2024","57","Intermediate School 143","36-061-0115","AQS","91","42","52.6","01/31/2001","01/31/2021"
"02/01/2024","54","CCNY","36-061-0135","AQS","90","30","50.4","02/01/2014","02/01/2021"
"02/02/2024","51","Intermediate School 143","36-061-0115","AQS","122","30","54.8","02/02/2007","02/02/2021"
"02/03/2024","36","Intermediate School 143","36-061-0115","AQS","97","40","57","02/03/2008","02/03/2021"
"02/04/2024","34","Intermediate School 143","36-061-0115","AQS","85","33","56.8","02/04/2006","02/04/2022"
"02/05/2024","34","Intermediate School 143","36-061-0115","AQS","91","31","56","02/05/2011","02/05/2020"
"02/06/2024","40","Intermediate School 143","36-061-0115","AQS","89","41","47.6","02/06/2008","02/06/2019"
"02/07/2024","44","Intermediate School 143","36-061-0115","AQS","108","40","51","02/07/2009","02/07/2020"
"02/08/2024","57","Intermediate School 143","36-061-0115","AQS","83","50","54.6","02/08/2015","02/08/2019"
"02/09/2024","56","PS 19","36-061-0128","AQS","108","46","56","02/09/2001","02/09/2017"
"02/10/2024","73","Intermediate School 143","36-061-0115","AQS","132","37","48.6","02/10/2000","02/10/2019"
"02/11/2024","48","CCNY","36-061-0135","AQS","121","29","50.6","02/11/2000","02/11/2001"
"02/12/2024","44","PS 19","36-061-0128","AQS","83","35","49.4","02/12/2004","02/12/2021"
"02/13/2024","42","Intermediate School 143","36-061-0115","AQS","83","40","44.8","02/13/2001","02/13/2021"
"02/14/2024","38","Intermediate School 143","36-061-0115","AQS","110","45","55","02/14/2001","02/14/2020"
"02/15/2024","37","Intermediate School 143","36-061-0115","AQS","86","53","57.8","02/15/2012","02/15/2023"
"02/16/2024","34","Intermediate School 143","36-061-0115","AQS","122","40","52","02/16/2006","02/16/2021"
"02/17/2024","36","Intermediate School 143","36-061-0115","AQS","98","35","43.4","02/17/2011","02/17/2022"
"02/18/2024","41","Intermediate School 143","36-061-0115","AQS","84","35","46.8","02/18/2011","02/18/2021"
"02/19/2024","41","Intermediate School 143","36-061-0115","AQS","98","36","44","02/19/2014","02/19/2021"
"02/20/2024","34","Intermediate School 143","36-061-0115","AQS","97","37","48.6","02/20/2003","02/20/2020"
"02/21/2024","37","Intermediate School 143","36-061-0115","AQS","117","47","53","02/21/2003","02/21/2019"
"02/22/2024","30","Intermediate School 143","36-061-0115","AQS","108","34","50.6","02/22/2000","02/22/2018"
"02/23/2024","40","Intermediate School 143","36-061-0115","AQS","93","41","54.2","02/23/2000","02/23/2018"
"02/24/2024","42","Intermediate School 143","36-061-0115","AQS","120","32","46.8","02/24/2000","02/24/2019"
"02/25/2024","32","Intermediate School 143","36-061-0115","AQS","87","26","45","02/25/2008","02/25/2023"
"02/26/2024","57","Intermediate School 143","36-061-0115","AQS","91","36","46","02/26/2008","02/26/2020"
"02/27/2024","66","PS 19","36-061-0128","AQS","83","33","38.2","02/27/2007","02/27/2019"
"02/28/2024","56","Intermediate School 143","36-061-0115","AQS","74","38","41.4","02/28/2010","02/28/2021"
"02/29/2024","30","Intermediate School 143","36-061-0115","AQS","57","39",".","02/29/2016","02/29/2000"
"03/01/2024","48","PS 19","36-061-0128","AQS","95","29","49","03/01/2003","03/01/2021"
"03/02/2024","29","Intermediate School 143","36-061-0115","AQS","93","28","50.4","03/02/2001","03/02/2018"
"03/03/2024","28","Intermediate School 143","36-061-0115","AQS","76","26","45.2","03/03/2007","03/03/2023"
"03/04/2024","31","Intermediate School 143","36-061-0115","AQS","105","26","43.4","03/04/2004","03/04/2018"
"03/05/2024","14","Intermediate School 143","36-061-0115","AQS","79","32","41.2","03/05/2009","03/05/2021"
"03/06/2024","19","Intermediate School 143","36-061-0115","AQS","113","26","42.4","03/06/2018","03/06/2021"
"03/07/2024","21","IS 45","36-061-0079","AQS","99","26","43.8","03/07/2009","03/07/2021"
"03/08/2024","27","Intermediate School 143","36-061-0115","AQS","111","13","37.4","03/08/2000","03/08/2023"
"03/09/2024","12","Intermediate School 143","36-061-0115","AQS","115","25","45","03/09/2000","03/09/2023"
"03/10/2024","15","Intermediate School 143","36-061-0115","AQS","92","36","55","03/10/2007","03/10/2012"
"03/11/2024","22","Intermediate School 143","36-061-0115","AQS","92","24","46.2","03/11/2005","03/11/2016"
"03/12/2024","43","Intermediate School 143","36-061-0115","AQS","84","29","38.4","03/12/2018","03/12/2013"
"03/13/2024","56","Intermediate School 143","36-061-0115","AQS","93","20","43","03/13/2007","03/13/2021"
"03/14/2024","71","CCNY","36-061-0135","AQS","118","28","39.2","03/14/2007","03/14/2021"
"03/15/2024","53","CCNY","36-061-0135","AQS","108","24","45.6","03/15/2002","03/15/2020"
"03/16/2024","34","CCNY","36-061-0135","AQS","144","27","38.8","03/16/2007","03/16/2014"
"03/17/2024","27","Intermediate School 143","36-061-0115","AQS","77","22","45","03/17/2001","03/17/2019"
"03/18/2024","19","Intermediate School 143","36-061-0115","AQS","76","22","39.2","03/18/2017","03/18/2021"
"03/19/2024","25","Intermediate School 143","36-061-0115","AQS","77","24","37.2","03/19/2004","03/19/2020"
"03/20/2024","42","CCNY","36-061-0135","AQS","95","13","41.2","03/20/2005","03/20/2022"
"03/21/2024","26","Intermediate School 143","36-061-0115","AQS","77","25","39.8","03/21/2010","03/21/2020"
"03/22/2024","33","CCNY","36-061-0135","AQS","82","26","36.2","03/22/2007","03/22/2022"
"03/23/2024","30","CCNY","36-061-0135","AQS","91","15","33.6","03/23/2000","03/23/2020"
"03/24/2024","27","Intermediate School 143","36-061-0115","AQS","69","23","29","03/24/2010","03/24/2013"
"03/25/2024","36","Intermediate School 143","36-061-0115","AQS","80","28","36.4","03/25/2000","03/25/2013"
"03/26/2024","41","Intermediate School 143","36-061-0115","AQS","74","27","40.6","03/26/2003","03/26/2016"
"03/27/2024","65","CCNY","36-061-0135","AQS","69","29","36.6","03/27/2017","03/27/2015"
"03/28/2024","49","CCNY","36-061-0135","AQS","74","23","36.4","03/28/2008","03/28/2021"
"03/29/2024","27","CCNY","36-061-0135","AQS","88","13","36.6","03/29/2001","03/29/2020"
"03/30/2024","29","Intermediate School 143","36-061-0115","AQS","87","27","38.6","03/30/2006","03/30/2012"
"03/31/2024","34","Intermediate School 143","36-061-0115","AQS","65","12","44.6","03/31/2022","03/31/2020"
"04/01/2024","54","Intermediate School 143","36-061-0115","AQS","87","22","27.6","04/01/2005","04/01/2020"
"04/02/2024","61","Intermediate School 143","36-061-0115","AQS","77","17","26.6","04/02/2007","04/02/2020"
"04/03/2024","41","Intermediate School 143","36-061-0115","AQS","93","16","32.6","04/03/2000","04/03/2020"
"04/04/2024","9","CCNY","36-061-0135","AQS","69","18","35.6","04/04/2011","04/04/2020"
"04/05/2024","13","Intermediate School 143","36-061-0115","AQS","64","21","44.8","04/05/2010","04/05/2012"
"04/06/2024","19","IS 45","36-061-0079","AQS","91","13","37.4","04/06/2010","04/06/2022"
"04/07/2024","22","Intermediate School 143","36-061-0115","AQS","83","18","31.25","04/07/2010","04/07/2023"
"04/08/2024","38","Intermediate School 143","36-061-0115","AQS","77","22","35.4","04/08/2010","04/08/2022"
"04/09/2024","53","IS 45","36-061-0079","AQS","112","19","33.8","04/09/2001","04/09/2022"
"04/10/2024","98","Intermediate School 143","36-061-0115","AQS","86","15","27","04/10/2009","04/10/2019"
"04/11/2024","79","Intermediate School 143","36-061-0115","AQS","73","21","31.4","04/11/2011","04/11/2021"
"04/12/2024","42","PS 19","36-061-0128","AQS","76","22","42","04/12/2004","04/12/2021"
"04/13/2024","14","Intermediate School 143","36-061-0115","AQS","70","24","44.4","04/13/2018","04/13/2021"
"04/14/2024","34","Intermediate School 143","36-061-0115","AQS","94","29","44.6","04/14/2006","04/14/2008"
"04/15/2024","48","PS 19","36-061-0128","AQS","87","17","27.8","04/15/2000","04/15/2022"
"04/16/2024","27","Intermediate School 143","36-061-0115","AQS","75","16","22.8","04/16/2012","04/16/2021"
"04/17/2024","37","CCNY","36-061-0135","AQS","93","10","19.2","04/17/2002","04/17/2021"
"04/18/2024","29","PS 19","36-061-0128","AQS","87","2","27.4","04/18/2008","04/18/2022"
"04/19/2024","38","CCNY","36-061-0135","AQS","98","21","39.6","04/19/2005","04/19/2015"
"04/20/2024","49","CCNY","36-061-0135","AQS","74","22","37.2","04/20/2001","04/20/2016"
"04/21/2024","26","PS 19","36-061-0128","AQS","85","23","39","04/21/2001","04/21/2018"
"04/22/2024","28","Intermediate School 143","36-061-0115","AQS","86","6","33.4","04/22/2001","04/22/2012"
"04/23/2024","35","CCNY","36-061-0135","AQS","75","14","29.6","04/23/2007","04/23/2023"
"04/24/2024","32","Intermediate School 143","36-061-0115","AQS","71","20","32.6","04/24/2001","04/24/2014"
"04/25/2024","24","Intermediate School 143","36-061-0115","AQS","73","20","31.6","04/25/2009","04/25/2023"
"04/26/2024","36","CCNY","36-061-0135","AQS","74","17","28.4","04/26/2009","04/26/2020"
"04/27/2024","28","PS 19","36-061-0128","AQS","84","8","25.6","04/27/2007","04/27/2020"
"04/28/2024","55","CCNY","36-061-0135","AQS","85","16","31.8","04/28/2000","04/28/2015"
"04/29/2024","62","CCNY","36-061-0135","AQS","73","8","30.2","04/29/2000","04/29/2023"
"04/30/2024","58","CCNY","36-061-0135","AQS","66","6","30.8","04/30/2010","04/30/2021"
"05/01/2024","60","CCNY","36-061-0135","AQS","88","11","20.4","05/01/2009","05/01/2023"
"05/02/2024","58","CCNY","36-061-0135","AQS","95","7","34","05/02/2001","05/02/2023"
"05/03/2024","31","CCNY","36-061-0135","AQS","70","16","32.4","05/03/2008","05/03/2022"
"05/04/2024","23","CCNY","36-061-0135","AQS","117","16","35.2","05/04/2001","05/04/2020"
"05/05/2024","34","CCNY","36-061-0135","AQS","89","6","22.25","05/05/2018","05/05/2011"
"05/06/2024","60","CCNY","36-061-0135","AQS","92","4","24.2","05/06/2000","05/06/2021"
"05/07/2024","34","CCNY","36-061-0135","AQS","90","17","24.2","05/07/2000","05/07/2020"
"05/08/2024","49","CCNY","36-061-0135","AQS","70","17","25.4","05/08/2008","05/08/2021"
"05/09/2024","28","PS 19","36-061-0128","AQS","111","19","26","05/09/2000","05/09/2010"
"05/10/2024","23","CCNY","36-061-0135","AQS","69","18","27.2","05/10/2001","05/10/2020"
"05/11/2024","28","CCNY","36-061-0135","AQS","88","21","34.8","05/11/2001","05/11/2019"
"05/12/2024","29","PS 19","36-061-0128","AQS","131","14","33.5","05/12/2004","05/12/2021"
"05/13/2024","47","CCNY","36-061-0135","AQS","66","11","27.2","05/13/2009","05/13/2015"
"05/14/2024","46","CCNY","36-061-0135","AQS","67","19","30.2","05/14/2010","05/14/2013"
"05/15/2024","38","PS 19","36-061-0128","AQS","81","17","37.4","05/15/2004","05/15/2016"
"05/16/2024","16","CCNY","36-061-0135","AQS","80","18","43.25","05/16/2007","05/16/2016"
"05/17/2024","33","CCNY","36-061-0135","AQS","79","10","34.6","05/17/2006","05/17/2020"
"05/18/2024","52","PS 19","36-061-0128","AQS","83","11","33","05/18/2004","05/18/2020"
"05/19/2024","19","CCNY","36-061-0135","AQS","83","18","36.2","05/19/2001","05/19/2020"
"05/20/2024","34","CCNY","36-061-0135","AQS","64","9","35","05/20/2011","05/20/2015"
"05/21/2024","51","PS 19","36-061-0128","AQS","85","23","46.6","05/21/2004","05/21/2017"
"05/22/2024","48","CCNY","36-061-0135","AQS","77","19","45.2","05/22/2013","05/22/2012"
"05/23/2024","50","Intermediate School 143","36-061-0115","AQS","77","16","31.2","05/23/2000","05/23/2020"
"05/24/2024","54","PS 19","36-061-0128","AQS","103","1","26.8","05/24/2004","05/24/2013"
"05/25/2024","47","CCNY","36-061-0135","AQS","87","6","23.4","05/25/2007","05/25/2023"
"05/26/2024","54","CCNY","36-061-0135","AQS","117","13","37","05/26/2006","05/26/2013"
"05/27/2024","44","PS 19","36-061-0128","AQS","82","13","27.2","05/27/2011","05/27/2021"
"05/28/2024","33","CCNY","36-061-0135","AQS","73","14","27.8","05/28/2007","05/28/2008"
"05/29/2024","21","CCNY","36-061-0135","AQS","90","0","27.4","05/29/2006","05/29/2021"
"05/30/2024","44","IS 45","36-061-0079","AQS","89","2","36.2","05/30/2003","05/30/2021"
"05/31/2024","28","CCNY","36-061-0135","AQS","89","20","42","05/31/2007","05/31/2014"
"06/01/2024","33","CCNY","36-061-0135","AQS","96","6","54.75","06/01/2000","06/01/2015"
"06/02/2024","56","PS 19","36-061-0128","AQS","103","24","43.8","06/02/2000","06/02/2020"
"06/03/2024","60","Intermediate School 143","36-061-0115","AQS","69","11","35.4","06/03/2010","06/03/2018"
"06/04/2024","66","CCNY","36-061-0135","AQS","69","3","31.6","06/04/2014","06/04/2013"
"06/05/2024","54","CCNY","36-061-0135","AQS","99","13","44.4","06/05/2000","06/05/2022"
"06/06/2024","32","CCNY","36-061-0135","AQS","158","18","60.4","06/06/2023","06/06/2014"
"06/07/2024","28","CCNY","36-061-0135","AQS","208","11","88.25","06/07/2023","06/07/2013"
"06/08/2024","19","PS 19","36-061-0128","AQS","157","11","57","06/08/2023","06/08/2020"
"06/09/2024","26","CCNY","36-061-0135","AQS","111","12","28","06/09/2011","06/09/2022"
"06/10/2024","22","CCNY","36-061-0135","AQS","122","21","33.6","06/10/2000","06/10/2016"
"06/11/2024","28","PS 19","36-061-0128","AQS","119","23","40.6","06/11/2000","06/11/2021"
"06/12/2024","34","CCNY","36-061-0135","AQS","75","17","40.75","06/12/2001","06/12/2019"
"06/13/2024","55","Intermediate School 143","36-061-0115","AQS","73","9","27.75","06/13/2017","06/13/2016"
"06/14/2024","56","PS 19","36-061-0128","AQS","101","9","26.4","06/14/2003","06/14/2021"
"06/15/2024","38","CCNY","36-061-0135","AQS","88","15","29","06/15/2005","06/15/2018"
"06/16/2024","35","CCNY","36-061-0135","AQS","76","10","31.2","06/16/2000","06/16/2021"
"06/17/2024","47","CCNY","36-061-0135","AQS","89","10","45.75","06/17/2004","06/17/2021"
"06/18/2024","51","Intermediate School 143","36-061-0115","AQS","74","7","41.5","06/18/2018","06/18/2022"
"06/19/2024","43","Intermediate School 143","36-061-0115","AQS","151","19","30","06/19/2006","06/19/2020"
"06/20/2024","54","Intermediate School 143","36-061-0115","AQS","82","13","42.4","06/20/2003","06/20/2014"
"06/21/2024","55","CCNY","36-061-0135","AQS","87","0","34.2","06/21/2001","06/21/2023"
"06/22/2024","58","Intermediate School 143","36-061-0115","AQS","96","8","21.2","06/22/2006","06/22/2023"
"06/23/2024","55","IS 45","36-061-0079","AQS","99","7","28.4","06/23/2008","06/23/2021"
"06/24/2024","35","CCNY","36-061-0135","AQS","75","20","42.25","06/24/2005","06/24/2015"
"06/25/2024","55","CCNY","36-061-0135","AQS","90","12","41","06/25/2007","06/25/2021"
"06/26/2024","54","PS 19","36-061-0128","AQS","160","21","45.8","06/26/2003","06/26/2017"
"06/27/2024","27","CCNY","36-061-0135","AQS","116","13","43.2","06/27/2007","06/27/2015"
"06/28/2024","21","CCNY","36-061-0135","AQS","88","4","46.4","06/28/2008","06/28/2015"
"06/29/2024","33","CCNY","36-061-0135","AQS","96","24","54","06/29/2023","06/29/2014"
"06/30/2024","35","CCNY","36-061-0135","AQS","151","19","68.25","06/30/2023","06/30/2010"
"07/01/2024","20","CCNY","36-061-0135","AQS","91","6","44.2","07/01/2023","07/01/2007"
"07/02/2024","47","IS 45","36-061-0079","AQS","94","17","39.8","07/02/2018","07/02/2021"
"07/03/2024","36","CCNY","36-061-0135","AQS","102","17","37","07/03/2000","07/03/2021"
"07/04/2024","80","Intermediate School 143","36-061-0115","AQS","139","46","70.6","07/04/2006","07/04/2014"
"07/05/2024","109","Intermediate School 143","36-061-0115","AQS","104","16","71.8","07/05/2003","07/05/2014"
"07/06/2024","59","Intermediate School 143","36-061-0115","AQS","84","18","42.4","07/06/2011","07/06/2022"
"07/07/2024","55","CCNY","36-061-0135","AQS","170","26","39.8","07/07/2002","07/07/2017"
"07/08/2024","59","IS 45","36-061-0079","AQS","109","19","47","07/08/2003","07/08/2009"
"07/09/2024","54","Intermediate School 143","36-061-0115","AQS","132","16","31.8","07/09/2007","07/09/2023"
"07/10/2024","45","CCNY","36-061-0135","AQS","129","0","28.75","07/10/2007","07/10/2023"
"07/11/2024","32","PS 19","36-061-0128","AQS","82","26","43.25","07/11/2011","07/11/2022"
"07/12/2024","29","Intermediate School 143","36-061-0115","AQS","76","22","40.2","07/12/2005","07/12/2020"
"07/13/2024","22","CCNY","36-061-0135","AQS","69","16","39.4","07/13/2007","07/13/2020"
"07/14/2024","54","PS 19","36-061-0128","AQS","120","14","49","07/14/2023","07/14/2020"
"07/15/2024","60","Intermediate School 143","36-061-0115","AQS","92","18","31.8","07/15/2007","07/15/2020"
"07/16/2024","55","CCNY","36-061-0135","AQS","84","14","46.5","07/16/2010","07/16/2023"
"07/17/2024","55","PS 19","36-061-0128","AQS","88","35","55.4","07/17/2007","07/17/2014"
"07/18/2024","46","CCNY","36-061-0135","AQS","116","24","44.8","07/18/2005","07/18/2021"
"07/19/2024","28","CCNY","36-061-0135","AQS","118","17","54.8","07/19/2002","07/19/2021"
"07/20/2024","52","IS 45","36-061-0079","AQS","155","29","80.2","07/20/2021","07/20/2014"
"07/21/2024","52","CCNY","36-061-0135","AQS","110","15","54.6","07/21/2011","07/21/2012"
"07/22/2024","48","CCNY","36-061-0135","AQS","85","9","34.6","07/22/2011","07/22/2015"
"07/23/2024","50","PS 19","36-061-0128","AQS","118","29","40.6","07/23/2004","07/23/2013"
"07/24/2024","47","CCNY","36-061-0135","AQS","78","17","40","07/24/2001","07/24/2014"
"07/25/2024","52","CCNY","36-061-0135","AQS","74","21","48.2","07/25/2009","07/25/2013"
"07/26/2024","32","PS 19","36-061-0128","AQS","97","8","51.6","07/26/2003","07/26/2022"
"07/27/2024","57","CCNY","36-061-0135","AQS","98","38","56.6","07/27/2005","07/27/2012"
"07/28/2024","70","CCNY","36-061-0135","AQS","85","34","52.6","07/28/2008","07/28/2013"
"07/29/2024","64","IS 45","36-061-0079","AQS","112","11","50.6","07/29/2008","07/29/2014"
"07/30/2024","59","CCNY","36-061-0135","AQS","95","16","43.75","07/30/2008","07/30/2022"
"07/31/2024","45","CCNY","36-061-0135","AQS","82","11","36.8","07/31/2008","07/31/2021"
"08/01/2024","66","Intermediate School 143","36-061-0115","AQS","79","28","37.4","08/01/2011","08/01/2023"
"08/02/2024","65","Intermediate School 143","36-061-0115","AQS","89","1","32.6","08/02/2000","08/02/2023"
"08/03/2024","39","CCNY","36-061-0135","AQS","100","8","27.4","08/03/2006","08/03/2023"
"08/04/2024","50","IS 45","36-061-0079","AQS","88","14","51","08/04/2007","08/04/2013"
"08/05/2024","58","CCNY","36-061-0135","AQS","106","28","44.8","08/05/2005","08/05/2007"
"08/06/2024","54","CCNY","36-061-0135","AQS","126","16","52.4","08/06/2001","08/06/2012"
"08/07/2024","32","PS 19","36-061-0128","AQS","121","24","48.4","08/07/2007","08/07/2022"
"08/08/2024","26","CCNY","36-061-0135","AQS","106","2","33.2","08/08/2001","08/08/2023"
"08/09/2024","52","CCNY","36-061-0135","AQS","88","28","46.2","08/09/2000","08/09/2015"
"08/10/2024","42","PS 19","36-061-0128","AQS","91","12","42.6","08/10/2004","08/10/2022"
"08/11/2024","36","CCNY","36-061-0135","AQS","93","19","45.6","08/11/2001","08/11/2019"
"08/12/2024","29","CCNY","36-061-0135","AQS","94","23","47.4","08/12/2002","08/12/2022"
"08/13/2024","37","CCNY","36-061-0135","AQS","152","9","42.6","08/13/2003","08/13/2022"
"08/14/2024","65","CCNY","36-061-0135","AQS","113","15","40.2","08/14/2005","08/14/2010"
"08/15/2024","59","CCNY","36-061-0135","AQS","77","16","31.6","08/15/2007","08/15/2013"
"08/16/2024","74","CCNY","36-061-0135","AQS","120","27","38.2","08/16/2007","08/16/2022"
"08/17/2024","70","CCNY","36-061-0135","AQS","108","12","25.8","08/17/2009","08/17/2016"
"08/18/2024","63","CCNY","36-061-0135","AQS","86","13","30.6","08/18/2002","08/18/2007"
"08/19/2024","29","PS 19","36-061-0128","AQS","79","11","43.2","08/19/2003","08/19/2021"
"08/20/2024","17","CCNY","36-061-0135","AQS","82","1","34.4","08/20/2001","08/20/2020"
"08/21/2024","18","CCNY","36-061-0135","AQS","78","19","45.6","08/21/2001","08/21/2007"
"08/22/2024","33","CCNY","36-061-0135","AQS","154","10","39.4","08/22/2003","08/22/2021"
"08/23/2024","47","CCNY","36-061-0135","AQS","104","13","31","08/23/2001","08/23/2023"
"08/24/2024","56","CCNY","36-061-0135","AQS","106","9","27.2","08/24/2000","08/24/2019"
"08/25/2024","61","CCNY","36-061-0135","AQS","111","19","42.4","08/25/2007","08/25/2019"
"08/26/2024","62","CCNY","36-061-0135","AQS","78","2","38.2","08/26/2009","08/26/2020"
"08/27/2024","58","CCNY","36-061-0135","AQS","92","17","41","08/27/2000","08/27/2023"
"08/28/2024","57","CCNY","36-061-0135","AQS","105","19","42.8","08/28/2000","08/28/2011"
"08/29/2024","29","CCNY","36-061-0135","AQS","73","12","30.8","08/29/2018","08/29/2011"
"08/30/2024","22","CCNY","36-061-0135","AQS","82","7","37","08/30/2007","08/30/2020"
"08/31/2024","34","IS 45","36-061-0079","AQS","78","15","29.2","08/31/2012","08/31/2009"
"09/01/2024","43","CCNY","36-061-0135","AQS","88","16","26.6","09/01/2010","09/01/2020"
"09/02/2024","36","CCNY","36-061-0135","AQS","85","13","23.4","09/02/2010","09/02/2021"
"09/03/2024","27","PS 19","36-061-0128","AQS","88","7","35.8","09/03/2015","09/03/2021"
"09/04/2024","29","CCNY","36-061-0135","AQS","83","26","43.2","09/04/2008","09/04/2016"
"09/05/2024","30","CCNY","36-061-0135","AQS","73","15","42.4","09/05/2006","09/05/2015"
"09/06/2024","36","PS 19","36-061-0128","AQS","69","17","38.6","09/06/2018","09/06/2013"
"09/07/2024","27","CCNY","36-061-0135","AQS","72","3","28.6","09/07/2007","09/07/2011"
"09/08/2024","16","CCNY","36-061-0135","AQS","81","13","44.6","09/08/2006","09/08/2011"
"09/09/2024","28","PS 19","36-061-0128","AQS","103","11","41.4","09/09/2000","09/09/2010"
"09/10/2024","29","CCNY","36-061-0135","AQS","87","10","29.2","09/10/2000","09/10/2010"
"09/11/2024","24","CCNY","36-061-0135","AQS","101","13","34","09/11/2000","09/11/2009"
"09/12/2024","53","CCNY","36-061-0135","AQS","85","14","39.8","09/12/2013","09/12/2010"
"09/13/2024","50","CCNY","36-061-0135","AQS","121","11","28","09/13/2005","09/13/2019"
"09/14/2024","53","CCNY","36-061-0135","AQS","74","9","26.6","09/14/2011","09/14/2013"
"09/15/2024","48","PS 19","36-061-0128","AQS","66","15","33.6","09/15/2011","09/15/2022"
"09/16/2024","27","CCNY","36-061-0135","AQS","65","3","26.8","09/16/2017","09/16/2011"
"09/17/2024","45","CCNY","36-061-0135","AQS","60","11","30.4","09/17/2017","09/17/2013"
"09/18/2024","47","PS 19","36-061-0128","AQS","71","25","38.4","09/18/2000","09/18/2010"
"09/19/2024","52","CCNY","36-061-0135","AQS","70","7","33.4","09/19/2001","09/19/2020"
"09/20/2024","32","CCNY","36-061-0135","AQS","67","9","30","09/20/2007","09/20/2020"
"09/21/2024","36","PS 19","36-061-0128","AQS","90","16","35.6","09/21/2007","09/21/2013"
"09/22/2024","23","CCNY","36-061-0135","AQS","99","8","29.4","09/22/2001","09/22/2020"
"09/23/2024","27","CCNY","36-061-0135","AQS","76","6","31","09/23/2006","09/23/2023"
"09/24/2024","30","PS 19","36-061-0128","AQS","148","9","27","09/24/2001","09/24/2023"
"09/25/2024","30","CCNY","36-061-0135","AQS","78","19","39","09/25/2007","09/25/2016"
"09/26/2024","44","CCNY","36-061-0135","AQS","92","22","41.4","09/26/2007","09/26/2015"
"09/27/2024","34","PS 19","36-061-0128","AQS","73","19","38.2","09/27/2007","09/27/2018"
"09/28/2024","19","CCNY","36-061-0135","AQS","69","24","37.4","09/28/2008","09/28/2020"
"09/29/2024","23","CCNY","36-061-0135","AQS","70","11","19.4","09/29/2014","09/29/2023"
"09/30/2024","31","PS 19","36-061-0128","AQS","58","11","25.6","09/30/2011","09/30/2021"
"10/01/2024","27","CCNY","36-061-0135","AQS","62","13","30.2","10/01/2013","10/01/2022"
"10/02/2024","30","CCNY","36-061-0135","AQS","101","11","38","10/02/2002","10/02/2011"
"10/03/2024","41","CCNY","36-061-0135","AQS","95","11","34.8","10/03/2000","10/03/2022"
"10/04/2024","40","CCNY","36-061-0135","AQS","107","10","28.6","10/04/2001","10/04/2022"
"10/05/2024","33","CCNY","36-061-0135","AQS","93","10","24.6","10/05/2007","10/05/2019"
"10/06/2024","32","PS 19","36-061-0128","AQS","90","27","39.75","10/06/2000","10/06/2019"
"10/07/2024","40","CCNY","36-061-0135","AQS","69","4","31.8","10/07/2007","10/07/2023"
"10/08/2024","19","CCNY","36-061-0135","AQS","74","8","19","10/08/2007","10/08/2023"
"10/09/2024","26","PS 19","36-061-0128","AQS","172","24","31.8","10/09/2003","10/09/2013"
"10/10/2024","10","CCNY","36-061-0135","AQS","63","11","32.8","10/10/2011","10/10/2019"
"10/11/2024","17","CCNY","36-061-0135","AQS","67","12","38.4","10/11/2010","10/11/2019"
"10/12/2024","32","PS 19","36-061-0128","AQS","70","21","38.6","10/12/2000","10/12/2018"
"10/13/2024","28","CCNY","36-061-0135","AQS","76","9","25.8","10/13/2001","10/13/2020"
"10/14/2024","52","CCNY","36-061-0135","AQS","82","11","31.6","10/14/2000","10/14/2023"
"10/15/2024","16","PS 19","36-061-0128","AQS","78","17","39.6","10/15/2000","10/15/2010"
"10/16/2024","16","Intermediate School 143","36-061-0115","AQS","69","14","28","10/16/2008","10/16/2023"
"10/17/2024","16","CCNY","36-061-0135","AQS","90","16","26.8","10/17/2007","10/17/2021"
"10/18/2024","39","PS 19","36-061-0128","AQS","83","15","28.6","10/18/2007","10/18/2021"
"10/19/2024","31","CCNY","36-061-0135","AQS","69","16","31.6","10/19/2001","10/19/2014"
"10/20/2024","49","CCNY","36-061-0135","AQS","84","18","39","10/20/2001","10/20/2023"
"10/21/2024","64","PS 19","36-061-0128","AQS","100","24","43","10/21/2000","10/21/2023"
"10/22/2024","65","CCNY","36-061-0135","AQS","77","17","38.6","10/22/2009","10/22/2023"
"10/23/2024","60","CCNY","36-061-0135","AQS","70","16","28","10/23/2001","10/23/2014"
"10/24/2024","36","PS 19","36-061-0128","AQS","76","20","33.8","10/24/2001","10/24/2022"
"10/25/2024","23","CCNY","36-061-0135","AQS","90","18","42.2","10/25/2000","10/25/2020"
"10/26/2024","28","Intermediate School 143","36-061-0115","AQS","157","2","33.4","10/26/2000","10/26/2021"
"10/27/2024","21","PS 19","36-061-0128","AQS","159","13","31","10/27/2000","10/27/2021"
"10/28/2024","26","Intermediate School 143","36-061-0115","AQS","63","22","31.2","10/28/2014","10/28/2015"
"10/29/2024","38","CCNY","36-061-0135","AQS","58","12","22.6","10/29/2014","10/29/2023"
"10/30/2024","61","CCNY","36-061-0135","AQS","79","26","34.4","10/30/2004","10/30/2012"
"10/31/2024","60","CCNY","36-061-0135","AQS","77","16","33.6","10/31/2007","10/31/2023"
"11/01/2024","36","CCNY","36-061-0135","AQS","82","17","30","11/01/2001","11/01/2020"
"11/02/2024","23","IS 45","36-061-0079","AQS","86","19","39.6","11/02/2003","11/02/2014"
"11/03/2024","16","CCNY","36-061-0135","AQS","72","26","47","11/03/2008","11/03/2012"
"11/04/2024","34","CCNY","36-061-0135","AQS","80","21","45.2","11/04/2008","11/04/2021"
"11/05/2024","55","CCNY","36-061-0135","AQS","82","24","47.6","11/05/2003","11/05/2001"
"11/06/2024","43","CCNY","36-061-0135","AQS","111","28","46.4","11/06/2005","11/06/2008"
"11/07/2024","30","Intermediate School 143","36-061-0115","AQS","80","28","50","11/07/2006","11/07/2016"
"11/08/2024","47","Intermediate School 143","36-061-0115","AQS","80","21","41.4","11/08/2009","11/08/2019"
"11/09/2024","89","CCNY","36-061-0135","AQS","117","19","45.4","11/09/2009","11/09/2022"
"11/10/2024","35","CCNY","36-061-0135","AQS","84","31","47.6","11/10/2009","11/10/2016"
"11/11/2024","31","PS 19","36-061-0128","AQS","83","31","50","11/11/2003","11/11/2000"
"11/12/2024","21","Intermediate School 143","36-061-0115","AQS","81","19","32.8","11/12/2007","11/12/2020"
"11/13/2024","36","Intermediate School 143","36-061-0115","AQS","79","24","32.4","11/13/2007","11/13/2020"
"11/14/2024","36","PS 19","36-061-0128","AQS","101","29","37","11/14/2007","11/14/2021"
"11/15/2024","51","CCNY","36-061-0135","AQS","113","24","39.6","11/15/2001","11/15/2021"
"11/16/2024","55","CCNY","36-061-0135","AQS","88","22","42","11/16/2001","11/16/2019"
"11/17/2024","67","CCNY","36-061-0135","AQS","126","25","47","11/17/2003","11/17/2019"
"11/18/2024","38","CCNY","36-061-0135","AQS","82","21","39","11/18/2003","11/18/2019"
"11/19/2024","36","CCNY","36-061-0135","AQS","81","31","38.2","11/19/2000","11/19/2006"
"11/20/2024","51","CCNY","36-061-0135","AQS","94","24","37.6","11/20/2000","11/20/2016"
"11/21/2024","17","CCNY","36-061-0135","AQS","98","25","39","11/21/2005","11/21/2023"
"11/22/2024","23","Intermediate School 143","36-061-0115","AQS","90","18","37.8","11/22/2007","11/22/2023"
"11/23/2024","28","Intermediate School 143","36-061-0115","AQS","94","29","39.6","11/23/2001","11/23/2019"
"11/24/2024","27","Intermediate School 143","36-061-0115","AQS","70","33","40.4","11/24/2001","11/24/2020"
"11/25/2024","32","Intermediate School 143","36-061-0115","AQS","91","38","48","11/25/2002","11/25/2020"
"11/26/2024","42","CCNY","36-061-0135","AQS","103","36","45.2","11/26/2003","11/26/2022"
"11/27/2024","34","Intermediate School 143","36-061-0115","AQS","74","26","43.8","11/27/2005","11/27/2018"
"11/28/2024","33","CCNY","36-061-0135","AQS","115","30","38.2","11/28/2006","11/28/2019"
"11/29/2024","36","PS 19","36-061-0128","AQS","79","18","41.6","11/29/2000","11/29/2019"
"11/30/2024","34","Intermediate School 143","36-061-0115","AQS","84","26","43","11/30/2001","11/30/2019"
"12/01/2024","48","CCNY","36-061-0135","AQS","64","27","45.8","12/01/2023","12/01/2019"
"12/02/2024","36","Intermediate School 143","36-061-0115","AQS","87","24","48.2","12/02/2013","12/02/2019"
"12/03/2024","32","Intermediate School 143","36-061-0115","AQS","97","29","39.4","12/03/2017","12/03/2022"
"12/04/2024","41","CCNY","36-061-0135","AQS","94","33","46","12/04/2001","12/04/2018"
"12/05/2024","44","Intermediate School 143","36-061-0115","AQS","95","29","41.4","12/05/2003","12/05/2020"
"12/06/2024","31","Intermediate School 143","36-061-0115","AQS","75","27","41.4","12/06/2001","12/06/2020"
"12/07/2024","39","CCNY","36-061-0135","AQS","99","35","45.4","12/07/2002","12/07/2020"
"12/08/2024","53","Intermediate School 143","36-061-0115","AQS","96","27","40.2","12/08/2007","12/08/2020"
"12/09/2024","61","CCNY","36-061-0135","AQS","74","28","49.2","12/09/2000","12/09/2022"
"12/10/2024","55","CCNY","36-061-0135","AQS","97","38","52.6","12/10/2002","12/10/2022"
"12/11/2024","34","CCNY","36-061-0135","AQS","128","32","44.8","12/11/2000","12/11/2023"
"12/12/2024","47","Intermediate School 143","36-061-0115","AQS","83","30","46.4","12/12/2015","12/12/2021"
"12/13/2024","44","Intermediate School 143","36-061-0115","AQS","74","41","49.6","12/13/2015","12/13/2017"
"12/14/2024","38","Intermediate School 143","36-061-0115","AQS","81","36","41","12/14/2007","12/14/2020"
"12/15/2024","39","Intermediate School 143","36-061-0115","AQS","85","25","43","12/15/2005","12/15/2015"
"12/16/2024","33","CCNY","36-061-0135","AQS","82","19","42","12/16/2017","12/16/2022"
"12/17/2024","45","Intermediate School 143","36-061-0115","AQS","71","33","43.4","12/17/2012","12/17/2020"
"12/18/2024","47","CCNY","36-061-0135","AQS","78","33","42.2","12/18/2005","12/18/2023"
"12/19/2024","34","Intermediate School 143","36-061-0115","AQS","89","39","45.4","12/19/2010","12/19/2021"
"12/20/2024","30","PS 19","36-061-0128","AQS","85","44","56.6","12/20/2013","12/20/2021"
"12/21/2024","37","Intermediate School 143","36-061-0115","AQS","108","33","60.2","12/21/2005","12/21/2018"
"12/22/2024","41","Intermediate School 143","36-061-0115","AQS","93","51","57.2","12/22/2000","12/22/2022"
"12/23/2024","47","Intermediate School 143","36-061-0115","AQS","77","38","54","12/23/2003","12/23/2022"
"12/24/2024","54","CCNY","36-061-0135","AQS","90","45","55.6","12/24/2005","12/24/2013"
"12/25/2024","54","CCNY","36-061-0135","AQS","68","42","59.8","12/25/2021","12/25/2000"
"12/26/2024","56","PS 19","36-061-0128","AQS","73","35","57.6","12/26/2007","12/26/2015"
"12/27/2024","62","CCNY","36-061-0135","AQS","81","37","51.4","12/27/2008","12/27/2021"
"12/28/2024","63","CCNY","36-061-0135","AQS","78","28","51.2","12/28/2007","12/28/2023"
"12/29/2024","52","CCNY","36-061-0135","AQS","92","44","59","12/29/2003","12/29/2014"
"12/30/2024","36","Intermediate School 143","36-061-0115","AQS","94","22","51.6","12/30/2010","12/30/2019"
"12/31/2024","42","Intermediate School 143","36-061-0115","AQS","115","41","55.8","12/31/2010","12/31/2019"
