"Yr","M","D","sum_vol"
"2024","3","17","140,758"
"2024","5","27","2,488"
"2024","4","27","16,103"
"2024","1","19","9,581"
"2024","3","15","51,518"
"2024","10","21","51,570"
"2024","10","10","123,070"
"2024","3","12","47,498"
"2024","10","27","16,820"
"2024","5","24","19,702"
"2024","5","1","81,260"
"2024","6","2","23,274"
"2024","5","31","7,511"
"2024","1","29","9,310"
"2024","6","20","39,998"
"2024","11","6","51,862"
"2024","1","20","7,739"
"2024","3","18","111,673"
"2024","6","7","110,467"
"2024","4","25","8,603"
"2024","9","10","23,125"
"2024","11","13","58,562"
"2024","2","4","11,400"
"2024","1","23","9,291"
"2024","6","24","34,221"
"2024","10","13","61,067"
"2024","9","15","17,572"
"2024","3","31","15,984"
"2024","10","30","55,730"
"2024","10","23","95,687"
"2024","5","16","34,634"
"2024","3","29","35,044"
"2024","10","20","50,714"
"2024","3","9","32,328"
"2024","6","22","39,382"
"2024","4","3","17,414"
"2024","6","19","37,585"
"2024","4","7","16,924"
"2024","5","22","18,965"
"2024","4","17","8,995"
"2024","2","12","29,794"
"2024","3","16","146,716"
"2024","5","12","28,035"
"2024","2","10","29,511"
"2024","2","29","26,153"
"2024","3","27","436,874"
"2024","5","9","40,561"
"2024","2","14","5,289"
"2024","11","17","23,610"
"2024","2","17","4,138"
"2024","11","22","30,291"
"2024","4","1","14,094"
"2024","2","26","24,618"
"2024","12","9","30,546"
"2024","3","19","100,294"
"2024","5","25","15,205"
"2024","2","15","4,957"
"2024","10","19","54,869"
"2024","3","1","27,950"
"2024","2","25","20,260"
"2024","1","11","23,514"
"2024","5","4","97,356"
"2024","6","9","103,267"
"2024","1","16","10,542"
"2024","11","12","58,469"
"2024","9","11","22,816"
"2024","1","22","9,128"
"2024","2","28","25,192"
"2024","3","23","35,175"
"2024","1","28","6,842"
"2024","2","24","21,971"
"2024","10","26","19,390"
"2024","4","28","18,310"
"2024","9","17","421"
"2024","3","26","263,063"
"2024","2","7","29,962"
"2024","11","20","29,389"
"2024","12","3","30,471"
"2024","11","23","28,110"
"2024","1","6","18,904"
"2024","5","6","38,677"
"2024","6","1","25,087"
"2024","5","29","3,777"
"2024","3","14","54,700"
"2024","10","16","52,076"
"2024","1","9","24,885"
"2024","6","11","33,184"
"2024","12","7","34,140"
"2024","3","8","35,131"
"2024","5","3","82,696"
"2024","6","3","21,495"
"2024","11","21","29,724"
"2024","11","5","35,424"
"2024","2","11","28,621"
"2024","4","30","78,212"
"2024","3","21","40,550"
"2024","6","14","34,520"
"2024","1","8","24,412"
"2024","10","17","53,383"
"2024","4","24","8,122"
"2024","4","15","17,768"
"2024","6","18","37,732"
"2024","4","26","1,777"
"2024","10","28","19,864"
"2024","1","15","9,096"
"2024","2","6","29,416"
"2024","11","8","54,323"
"2024","4","9","26,368"
"2024","4","23","7,985"
"2024","11","15","62,685"
"2024","9","20","455"
"2024","9","16","411"
"2024","5","2","83,927"
"2024","6","16","27,034"
"2024","4","21","8,580"
"2024","5","5","92,806"
"2024","10","18","55,642"
"2024","11","11","48,651"
"2024","1","24","9,514"
"2024","2","13","5,057"
"2024","10","31","55,675"
"2024","11","4","37,759"
"2024","5","14","23,931"
"2024","11","18","28,707"
"2024","5","13","22,832"
"2024","5","19","23,376"
"2024","1","21","6,555"
"2024","5","15","34,153"
"2024","10","22","98,219"
"2024","2","27","24,933"
"2024","12","5","33,554"
"2024","3","28","407,353"
"2024","4","18","8,887"
"2024","9","7","21,940"
"2024","5","8","40,733"
"2024","4","5","19,813"
"2024","2","8","30,133"
"2024","10","11","71,902"
"2024","4","8","16,729"
"2024","10","14","57,918"
"2024","1","27","7,607"
"2024","6","12","32,909"
"2024","12","8","30,187"
"2024","1","12","24,774"
"2024","6","5","102,891"
"2024","4","16","9,498"
"2024","1","7","18,805"
"2024","1","17","9,170"
"2024","11","7","53,411"
"2024","3","30","16,395"
"2024","1","25","9,531"
"2024","12","10","32,282"
"2024","11","9","51,507"
"2024","11","14","59,408"
"2024","9","9","22,565"
"2024","3","4","37,882"
"2024","4","6","18,820"
"2024","11","24","22,993"
"2024","5","7","41,492"
"2024","5","10","35,585"
"2024","6","4","100,955"
"2024","6","21","42,426"
"2024","6","17","4,844"
"2024","6","10","103,079"
"2024","4","2","17,315"
"2024","3","10","28,696"
"2024","9","12","23,607"
"2024","6","8","111,447"
"2024","3","11","45,270"
"2024","12","6","34,244"
"2024","11","16","28,030"
"2024","9","18","412"
"2024","5","11","31,482"
"2024","6","13","33,158"
"2024","4","11","27,019"
"2024","3","7","33,578"
"2024","11","3","36,334"
"2024","9","21","313"
"2024","3","3","35,982"
"2024","4","10","26,576"
"2024","10","9","119,995"
"2024","2","5","12,078"
"2024","1","26","9,736"
"2024","1","30","9,291"
"2024","4","14","15,423"
"2024","1","10","24,602"
"2024","3","2","36,061"
"2024","5","17","35,954"
"2024","3","25","45,947"
"2024","1","18","9,606"
"2024","12","4","31,507"
"2024","9","8","19,868"
"2024","9","14","21,783"
"2024","9","19","448"
"2024","5","28","3,466"
"2024","4","19","9,766"
"2024","3","6","32,439"
"2024","1","13","17,594"
"2024","6","23","31,039"
"2024","5","30","5,878"
"2024","6","6","100,356"
"2024","11","10","45,477"
"2024","5","23","19,003"
"2024","10","15","64,985"
"2024","12","11","32,665"
"2024","11","1","37,094"
"2024","2","16","4,786"
"2024","6","15","28,949"
"2024","3","24","34,124"
"2024","4","13","18,149"
"2024","5","18","25,196"
"2024","3","20","36,993"
"2024","10","29","21,326"
"2024","11","2","69,781"
"2024","2","9","30,330"
"2024","10","25","38,040"
"2024","10","12","64,930"
"2024","1","14","17,599"
"2024","5","21","27,615"
"2024","4","29","83,347"
"2024","3","22","44,466"
"2024","9","13","24,822"
"2024","3","13","47,757"
"2024","5","20","27,392"
"2024","4","20","9,200"
"2024","5","26","14,588"
"2024","10","24","101,416"
"2024","4","4","18,218"
"2024","11","19","30,390"
"2024","4","22","8,218"
"2024","10","8","115,403"
"2024","4","12","29,667"
"2024","3","5","33,398"
